{
    "dcgp_actk_obera_2026":{"chaser3":{"direction":{"y":-0.014168978668749,"x":-0.78816366195679,"z":-0.61530262231827},"position":{"y":1.2182631492615,"x":194.92730712891,"z":246.17692565918}},"leader1":{"direction":{"y":-0.014489304274321,"x":-0.80764532089233,"z":-0.58949053287506},"position":{"y":1.4027397632599,"x":202.75521850586,"z":257.32592773438}},"chaser1":{"direction":{"y":-0.014168978668749,"x":-0.78816366195679,"z":-0.61530262231827},"position":{"y":1.402459859848,"x":205.17343139648,"z":254.17585754395}},"leader2":{"direction":{"y":-0.014489304274321,"x":-0.80764532089233,"z":-0.58949053287506},"position":{"y":1.3085592985153,"x":197.50552368164,"z":253.49423217773}},"chaser2":{"direction":{"y":-0.014168978668749,"x":-0.78816366195679,"z":-0.61530262231827},"position":{"y":1.3103615045547,"x":200.0503692627,"z":250.17639160156}},"leader3":{"direction":{"y":-0.014489304274321,"x":-0.80764532089233,"z":-0.58949053287506},"position":{"y":1.2143788337708,"x":192.25582885742,"z":249.66255187988}}}
}