{
  "drift": { "leader2": { "direction": { "z": 0.32666262984276, "y": 0.018082749098539, "x": -0.9449679851532 }, "position": { "z": -61.638259887695, "y": -0.020719617605209, "x": -107.55377960205 } }, "chaser2": { "direction": { "z": 0.59353631734848, "y": 0.017646100372076, "x": -0.80461376905441 }, "position": { "z": -65.837127685547, "y": -0.020601183176041, "x": -109.54376220703 } }, "leader1": { "direction": { "z": 0.64917993545532, "y": 0.01585927605629, "x": -0.76046949625015 }, "position": { "z": -57.81774520874, "y": -0.022259175777435, "x": -123.89614868164 } }, "chaser1": { "direction": { "z": 0.52460551261902, "y": 0.012506073340774, "x": -0.85125356912613 }, "position": { "z": -53.015113830566, "y": -0.021779954433441, "x": -124.72828674316 } } },
  "vdc_okayama_2021_#_circuit_vdc_drift":{"leader2":{"direction":{"y":-0.0024918923154473,"x":0.99583703279495,"z":-0.091117635369301},"position":{"y":24.527641296387,"x":205.53796386719,"z":191.53555297852}},"leader1":{"direction":{"y":0.0030280826613307,"x":0.99513804912567,"z":-0.098443448543549},"position":{"y":24.469585418701,"x":198.67987060547,"z":192.19621276855}},"chaser1":{"direction":{"y":0.0053158607333899,"x":0.99766308069229,"z":-0.068118117749691},"position":{"y":24.479074478149,"x":198.76663208008,"z":187.50578308105}},"chaser2":{"direction":{"y":0.0080615021288395,"x":0.99995601177216,"z":-0.0047978851944208},"position":{"y":24.542129516602,"x":205.92366027832,"z":187.43859863281}}},
  "00kalinago#_vdc_layout_a":{"leader1":{"position":{"x":474.1149597168,"z":333.97476196289,"y":-5.1139969825745},"direction":{"x":-0.49942430853844,"z":0.86627703905106,"y":-0.011810392141342}},"chaser2":{"position":{"x":464.06356811523,"z":346.9235534668,"y":-5.367654800415},"direction":{"x":-0.38160052895546,"z":0.9239576458931,"y":-0.026140438392758}},"chaser1":{"position":{"x":470.89929199219,"z":331.90228271484,"y":-5.1148052215576},"direction":{"x":-0.49810460209846,"z":0.86699932813644,"y":-0.014283987693489}},"leader2":{"position":{"x":468.43417358398,"z":347.13354492188,"y":-5.3324298858643},"direction":{"x":-0.34757792949677,"z":0.93727028369904,"y":-0.026720797643065}}}
}
