{
  "drift": {
    "leader2": {
      "direction": {
        "z": 0.32666262984276,
        "y": 0.018082749098539,
        "x": -0.9449679851532
      },
      "position": {
        "z": -61.638259887695,
        "y": -0.020719617605209,
        "x": -107.55377960205
      }
    },
    "chaser2": {
      "direction": {
        "z": 0.59353631734848,
        "y": 0.017646100372076,
        "x": -0.80461376905441
      },
      "position": {
        "z": -65.837127685547,
        "y": -0.020601183176041,
        "x": -109.54376220703
      }
    },
    "leader1": {
      "direction": {
        "z": 0.64917993545532,
        "y": 0.01585927605629,
        "x": -0.76046949625015
      },
      "position": {
        "z": -57.81774520874,
        "y": -0.022259175777435,
        "x": -123.89614868164
      }
    },
    "chaser1": {
      "direction": {
        "z": 0.52460551261902,
        "y": 0.012506073340774,
        "x": -0.85125356912613
      },
      "position": {
        "z": -53.015113830566,
        "y": -0.021779954433441,
        "x": -124.72828674316
      }
    }
  }
}
