{
  "drift": {
    "leader2": {
      "direction": {
        "z": 0.32666262984276,
        "y": 0.018082749098539,
        "x": -0.9449679851532
      },
      "position": {
        "z": -61.638259887695,
        "y": -0.020719617605209,
        "x": -107.55377960205
      }
    },
    "chaser2": {
      "direction": {
        "z": 0.59353631734848,
        "y": 0.017646100372076,
        "x": -0.80461376905441
      },
      "position": {
        "z": -65.837127685547,
        "y": -0.020601183176041,
        "x": -109.54376220703
      }
    },
    "leader1": {
      "direction": {
        "z": 0.64917993545532,
        "y": 0.01585927605629,
        "x": -0.76046949625015
      },
      "position": {
        "z": -57.81774520874,
        "y": -0.022259175777435,
        "x": -123.89614868164
      }
    },
    "chaser1": {
      "direction": {
        "z": 0.52460551261902,
        "y": 0.012506073340774,
        "x": -0.85125356912613
      },
      "position": {
        "z": -53.015113830566,
        "y": -0.021779954433441,
        "x": -124.72828674316
      }
    }
  },
  {"vdc_okayama_2021_#_circuit_vdc_drift":{"leader2":{"position":"(207.23678588867, 24.541692733765, 191.73419189453)","direction":"(0.99895000457764, 0.00024624448269606, -0.045812636613846)"},"chaser2":{"position":"(206.99209594727, 24.548721313477, 187.38125610352)","direction":"(0.99598836898804, -0.0030286535620689, -0.089431427419186)"},"chaser1":{"position":"(198.32220458984, 24.474668502808, 187.90455627441)","direction":"(0.99884748458862, 0.0041206441819668, -0.047819081693888)"},"leader1":{"position":"(199.31504821777, 24.477392196655, 192.28329467773)","direction":"(0.99663996696472, 0.0069004166871309, -0.08161586523056)"}}}
}
