{
  "drift": { "leader2": { "direction": { "z": 0.32666262984276, "y": 0.018082749098539, "x": -0.9449679851532 }, "position": { "z": -61.638259887695, "y": -0.020719617605209, "x": -107.55377960205 } }, "chaser2": { "direction": { "z": 0.59353631734848, "y": 0.017646100372076, "x": -0.80461376905441 }, "position": { "z": -65.837127685547, "y": -0.020601183176041, "x": -109.54376220703 } }, "leader1": { "direction": { "z": 0.64917993545532, "y": 0.01585927605629, "x": -0.76046949625015 }, "position": { "z": -57.81774520874, "y": -0.022259175777435, "x": -123.89614868164 } }, "chaser1": { "direction": { "z": 0.52460551261902, "y": 0.012506073340774, "x": -0.85125356912613 }, "position": { "z": -53.015113830566, "y": -0.021779954433441, "x": -124.72828674316 } } },
  "vdc_okayama_2021_#_circuit_vdc_drift":{"leader2":{"direction":{"y":-0.0024918923154473,"x":0.99583703279495,"z":-0.091117635369301},"position":{"y":24.527641296387,"x":205.53796386719,"z":191.53555297852}},"leader1":{"direction":{"y":0.0030280826613307,"x":0.99513804912567,"z":-0.098443448543549},"position":{"y":24.469585418701,"x":198.67987060547,"z":192.19621276855}},"chaser1":{"direction":{"y":0.0053158607333899,"x":0.99766308069229,"z":-0.068118117749691},"position":{"y":24.479074478149,"x":198.76663208008,"z":187.50578308105}},"chaser2":{"direction":{"y":0.0080615021288395,"x":0.99995601177216,"z":-0.0047978851944208},"position":{"y":24.542129516602,"x":205.92366027832,"z":187.43859863281}}},
  "00_kalinago_#_vdc_layout_a":{"chaser1":{"position":{"x":471.5354309082,"z":330.44863891602,"y":-5.08434009552},"direction":{"x":-0.50499874353409,"z":0.86305099725723,"y":-0.010921861976385}},"leader2":{"position":{"x":471.40170288086,"z":338.38412475586,"y":-5.1717596054077},"direction":{"x":-0.54581594467163,"z":0.83772706985474,"y":-0.017270345240831}},"chaser2":{"position":{"x":468.07711791992,"z":336.36645507813,"y":-5.1759786605835},"direction":{"x":-0.49848037958145,"z":0.86673247814178,"y":-0.017090857028961}},"leader1":{"position":{"x":474.83770751953,"z":332.96130371094,"y":-5.0902433395386},"direction":{"x":-0.53014379739761,"z":0.84778916835785,"y":-0.014180998317897}}},
  "micevec_1.04_#_drift":{"leader1":{"direction":{"y":-0.0089247999712825,"x":-0.99359744787216,"z":-0.11262533813715},"position":{"y":0.0097835063934326,"x":-63.001007080078,"z":80.31657409668}},"chaser1":{"direction":{"y":-0.0088361687958241,"x":-0.9965660572052,"z":-0.082329027354717},"position":{"y":0.0094265639781952,"x":-62.170841217041,"z":76.847328186035}},"leader2":{"direction":{"y":-0.0053385775536299,"x":-0.98959916830063,"z":-0.14375339448452},"position":{"y":-0.00050368905067444,"x":-69.396911621094,"z":79.539894104004}},"chaser2":{"direction":{"y":-0.009014175273478,"x":-0.99221128225327,"z":-0.12423988431692},"position":{"y":0.0014598369598389,"x":-68.704689025879,"z":76.151191711426}}},  
  "micevec_cdc2025_#_micevec_cdc2025":{"chaser2":{"position":{"y":-0.0054401755332947,"x":-79.380661010742,"z":74.718238830566},"direction":{"y":-0.011136804707348,"x":-0.98217737674713,"z":-0.18762615323067}},"leader1":{"position":{"z":79.606643676758,"y":-0.0052234828472137,"x":-69.29972076416},"direction":{"z":-0.1263672709465,"y":-0.0074301082640886,"x":-0.99195569753647}},"chaser1":{"position":{"z":75.927848815918,"y":-0.00053399801254272,"x":-73.93253326416},"direction":{"z":-0.092005081474781,"y":-0.0093365218490362,"x":-0.99571478366852}},"leader2":{"position":{"y":0.0025312304496765,"x":-74.623931884766,"z":78.652824401855},"direction":{"y":-0.010323068127036,"x":-0.98672032356262,"z":-0.16210004687309}}},
  "micevec_cdc2025_event_#_micevec_cdc2025":{"chaser2":{"position":{"y":-0.0054401755332947,"x":-79.380661010742,"z":74.718238830566},"direction":{"y":-0.011136804707348,"x":-0.98217737674713,"z":-0.18762615323067}},"leader1":{"position":{"z":79.606643676758,"y":-0.0052234828472137,"x":-69.29972076416},"direction":{"z":-0.1263672709465,"y":-0.0074301082640886,"x":-0.99195569753647}},"chaser1":{"position":{"z":75.927848815918,"y":-0.00053399801254272,"x":-73.93253326416},"direction":{"z":-0.092005081474781,"y":-0.0093365218490362,"x":-0.99571478366852}},"leader2":{"position":{"y":0.0025312304496765,"x":-74.623931884766,"z":78.652824401855},"direction":{"y":-0.010323068127036,"x":-0.98672032356262,"z":-0.16210004687309}}},
  "osijek_boskep_v0.2_#_osijek":{"leader2":{"position":{"y":-0.34418141841888,"x":125.87659454346,"z":-210.33578491211},"direction":{"y":0.013219674117863,"x":0.99982315301895,"z":0.013375043869019}},"chaser2":{"position":{"y":-0.34128296375275,"x":125.75796508789,"z":-206.41314697266},"direction":{"y":0.013047271408141,"x":0.99991148710251,"z":0.0025957892648876}},"leader1":{"position":{"y":-0.33386847376823,"x":119.33643341064,"z":-210.44012451172},"direction":{"y":0.018611010164022,"x":0.99968427419662,"z":0.01688283868134}},"chaser1":{"position":{"y":-0.33779031038284,"x":119.56725311279,"z":-206.52598571777},"direction":{"y":0.014804111793637,"x":0.99955147504807,"z":0.026031790301204}}}
}
